Acridotheres_albocinctus,12,Aegotheles_affinis
Acridotheres_cristatellus,11,Corythornis_cristatus
Aegotheles_wallacii,6,Aegotheles_affinis
Aegypius_monachus,9,Cochlearius_cochlearia
Aegypius_monachus,9,Lybius_macclounii
Aegypius_monachus,9,Ptilinopus_ponapensis
Aegypius_monachus,9,Spizaetus_nanus
Aeronautes_andecolus,11,Burhinus_indicus
Aeronautes_andecolus,11,Chrysocolaptes_strictus
Aeronautes_andecolus,11,Colaptes_aeruginosus
Aeronautes_andecolus,11,Colaptes_atriceps
Aeronautes_andecolus,11,Hydrobates_castro
Aeronautes_andecolus,11,Pionites_xanthurus
Aethia_psittacula,5,Cyclorrhynchus_psittacula
Agapornis_fischeri,8,Amaurornis_isabellinus
Agapornis_fischeri,8,Lampornis_cinereicauda
Agapornis_fischeri,8,Ramphiculus_fischeri
Agelaioides_badius,8,Cypseloides_rutilus
Agriornis_lividus,6,Tigriornis_leucolophus
Aimophila_stolzmanni,6,Oreotrochilus_stolzmanni
Aimophila_stolzmanni,6,Rhynchospiza_stolzmanni
Alauda_arvensis,6,Otidiphaps_aruensis
Alauda_arvensis,6,Tockus_damarensis
Alauda_gulgula,6,Ramphiculus_subgularis
Alethe_poliophrys,9,Alethe_castanea
Alethe_poliophrys,9,Tigriornis_leucolophus
Alophoixus_ochraceus,7,Celeus_ochraceus
Amaurocichla_bocagei,11,Amaurornis_isabellinus
Amaurocichla_bocagei,11,Amaurornis_olivaceus
Amaurocichla_bocagei,11,Amazona_bodini
Amaurocichla_bocagei,11,Bambusicola_sonorivox
Amaurocichla_bocagei,11,Bambusicola_thoracica
Amaurocichla_bocagei,11,Grallaricula_cumanensis
Amaurocichla_bocagei,11,Hierococcyx_bocki
Amaurolimnas_concolor,10,Amaurornis_moluccanus
Amaurolimnas_concolor,10,Amaurornis_olivaceus
Amaurornis_akool,3,Amaurornis_moluccanus
Amaurornis_akool,3,Amaurornis_olivaceus
Amazilia_beryllina,6,Amazilia_bartletti
Amazilia_chionogaster,9,Amazilia_humboldtii
Amazilia_chionogaster,9,Amazilia_wagneri
Amazona_aestiva,5,Amazona_diadema
Amazona_aestiva,5,Amazona_guatemalae
Amazona_aestiva,5,Amazona_lilacina
Amazona_aestiva,5,Peucaea_aestivalis
Amazona_agilis,4,Amazona_lilacina
Ammodramus_caudacutus,9,Aerodramus_bartschi
Amytornis_ballarae,8,Mesitornis_variegata
Anabazenops_dorsalis,11,Calonectris_borealis
Anabazenops_dorsalis,11,Merops_mentalis
Anabazenops_fuscus,9,Melozone_fuscus
Anairetes_agilis,8,Actenoides_regalis
Anairetes_agilis,8,Asthenes_griseomurina
Anairetes_agilis,8,Atlapetes_atricapillus
Anairetes_alpinus,8,Nisaetus_pinskeri
Anairetes_alpinus,8,Oceanites_pincoyae
Anairetes_alpinus,8,Podiceps_andinus
Anairetes_parulus,9,Asthenes_palpebralis
Anairetes_parulus,9,Ceuthmochares_australis
Anairetes_parulus,9,Pionites_xanthurus
Anairetes_parulus,9,Quiscalus_palustris
Anairetes_parulus,9,Spizaetus_bartelsi
Anairetes_parulus,9,Spizaetus_nanus
Anthochaera_paradoxa,11,Antrostomus_arizonae
Anthochaera_paradoxa,11,Campethera_taeniolaema
Anthochaera_paradoxa,11,Lophura_pyronota
Ara_ararauna,5,Columba_araucana
Ara_ararauna,5,Systellura_roraimae
Arachnothera_affinis,8,Aegotheles_affinis
Arremon_semitorquatus,10,Lophoceros_semifasciatus
Atlapetes_leucopis,6,Atlapetes_atricapillus
Atlapetes_leucopterus,8,Atlapetes_atricapillus
Batis_soror,4,Batis_erlangeri
Bernieria_tenebrosa,7,Pachycephala_tenebrosa
Brachygalba_goeringi,9,Trachylaemus_goffinii
Brachygalba_lugubris,11,Psittacara_rubritorquis
Brachygalba_lugubris,11,Trachylaemus_goffinii
Brachygalba_lugubris,11,Trachylaemus_purpuratus
Brachygalba_lugubris,11,Trachylaemus_togoensis
Brachyramphus_brevirostris,7,Aerodramus_brevirostris
Brachyramphus_marmoratus,9,Trachylaemus_purpuratus
Bradornis_infuscatus,8,Amaurornis_moluccanus
Bradornis_mariquensis,10,Chlamydotis_macqueenii
Bradornis_mariquensis,10,Otidiphaps_aruensis
Bradornis_microrhynchus,11,Aulacorhynchus_calorhynchus
Bradornis_microrhynchus,11,Turdus_xanthorhynchus
Bradornis_pallidus,8,Amaurornis_isabellinus
Brotogeris_tirica,8,Psittaculirostris_cervicalis
Buphagus_erythrorhynchus,9,Turdus_xanthorhynchus
Burhinus_vermiculatus,7,Megascops_vermiculatus
Cacatua_goffiniana,8,Trachylaemus_goffinii
Cacatua_moluccensis,9,Trichoglossus_moluccanus
Cacicus_melanicterus,10,Colaptes_melanolaimus
Cacicus_melanicterus,10,Esacus_magnirostris
Cacicus_melanicterus,10,Orchetorhynchus_phoenicurus
Cacicus_melanicterus,10,Spizastur_melanoleucus
Cacicus_microrhynchus,8,Aulacorhynchus_calorhynchus
Calidris_alpina,7,Chionis_alba
Calidris_alpina,7,Ciridops_anna
Calidris_ferruginea,6,Geophaps_ferruginea
Calidris_tenuirostris,5,Rallus_tenuirostris
Callipepla_douglasii,10,Coeligena_conradii
Calliphlox_bryantae,10,Canirallus_beankaensis
Calliphlox_evelynae,10,Gallinago_delicata
Calliphlox_evelynae,10,Synallaxis_beverlyae
Calonectris_diomedea,5,Calonectris_borealis
Calorhamphus_fuliginosus,8,Mulleripicus_fuliginosus
Calyptorhynchus_banksii,10,Aulacorhynchus_albivitta
Calyptorhynchus_banksii,10,Aulacorhynchus_wagleri
Calyptorhynchus_banksii,10,Calorhamphus_hayii
Calyptorhynchus_banksii,10,Cyclorrhynchus_psittacula
Camarhynchus_heliobates,10,Aulacorhynchus_cyanolaemus
Camarhynchus_heliobates,10,Aulacorhynchus_whitelianus
Campephaga_oriolina,9,Campethera_taeniolaema
Campephaga_petiti,8,Campethera_taeniolaema
Campephilus_leucopogon,8,Campephilus_splendens
Campephilus_rubricollis,10,Campephilus_splendens
Campethera_cailliautii,9,Campethera_taeniolaema
Campethera_nivosa,5,Campethera_taeniolaema
Campethera_punctuligera,9,Campethera_taeniolaema
Campethera_scriptoricauda,11,Campethera_taeniolaema
Campochaera_sloetii,8,Campethera_taeniolaema
Camptostoma_imberbe,10,Ramphastos_ariel
Camptostoma_obsoletum,10,Rallus_obsoletus
Campylopterus_duidae,10,Scytalopus_diamantinensis
Campylopterus_ensipennis,11,Hylatomus_fuscipennis
Campylopterus_excellens,11,Campephilus_splendens
Campylopterus_falcatus,10,Lophoceros_fasciatus
Campylopterus_hemileucurus,15,Campephilus_splendens
Campylopterus_hemileucurus,15,Celeus_tinnunculus
Campylopterus_hemileucurus,15,Lophoceros_semifasciatus
Campylopterus_hemileucurus,15,Phaenicophaeus_oeneicaudus
Campylopterus_hemileucurus,15,Phoenicopterus_minor
Campylopterus_hyperythrus,12,Hierococcyx_hyperythrus
Campylorhamphus_falcularius,12,Calorhamphus_hayii
Capito_auratus,6,Capito_fitzpatricki
Capito_auratus,6,Trichoglossus_capistratus
Caprimulgus_batesi,5,Caprimulgus_andamanicus
Caprimulgus_batesi,5,Caprimulgus_jotaka
Caprimulgus_binotatus,6,Caprimulgus_jotaka
Caprimulgus_maculicaudus,9,Caprimulgus_andamanicus
Celeus_brachyurus,7,Celeus_ochraceus
Celeus_torquatus,6,Celeus_ochraceus
Celeus_torquatus,6,Celeus_tinnunculus
Centropus_toulou,8,Antrostomus_arizonae
Centropus_toulou,8,Antrostomus_ekmani
Centropus_toulou,8,Antrostomus_vociferus
Chaetops_frenatus,8,Chaetoptila_angustipluma
Chaetops_frenatus,8,Chaunoproctus_ferreorostris
Chaetops_frenatus,8,Hieraaetus_fasciatus
Chaetops_frenatus,8,Ramphastos_culminatus
Chaetops_frenatus,8,Spizaetus_africanus
Chaetops_frenatus,8,Spizaetus_nanus
Chaetops_frenatus,8,Zosterops_strenuus
Chaetops_frenatus,8,Zosterops_strenuus
Chaetops_frenatus,8,Zosterops_strenuus
Charmosyna_meeki,4,Charmosyna_stellae
Chauna_torquata,8,Charadrius_aquilonius
Chauna_torquata,8,Chaunoproctus_ferreorostris
Chauna_torquata,8,Clanga_hastata
Chauna_torquata,8,Columba_inornata
Chauna_torquata,8,Columba_larvata
Chauna_torquata,8,Lophura_pyronota
Chauna_torquata,8,Lophura_rufa
Chauna_torquata,8,Porzana_monasa
Chauna_torquata,8,Pyrrhura_peruviana
Chauna_torquata,8,Rhea_tarapacensis
Chionis_minor,5,Aplonis_mavornata
Chionis_minor,5,Chionis_alba
Chionis_minor,5,Ciconia_microscelis
Chionis_minor,5,Psilorhinus_morio
Chiroxiphia_boliviana,8,Phibalura_boliviana
Chlamydera_nuchalis,9,Psilopogon_nuchalis
Chloropsis_cochinchinensis,13,Arborophila_tonkinesis
Chloropsis_cochinchinensis,13,Chloropipo_uniformis
Chloropsis_cochinchinensis,13,Scytalopus_diamantinensis
Chloropsis_cochinchinensis,13,Spilopelia_chinensis
Chloropsis_cyanopogon,10,Chloropipo_unicolor
Chloropsis_cyanopogon,10,Chloropipo_uniformis
Chloropsis_cyanopogon,10,Merops_cyanophrys
Chloropsis_flavipennis,8,Chloropipo_flavicapilla
Chloropsis_hardwickii,10,Chloropipo_flavicapilla
Chloropsis_jerdoni,8,Chloropipo_unicolor
Chloropsis_jerdoni,8,Chloropipo_uniformis
Chloropsis_jerdoni,8,Heliopais_personata
Chloropsis_jerdoni,8,Phaethornis_baroni
Chloropsis_jerdoni,8,Ptilopsis_leucotis
Chloropsis_kinabaluensis,12,Buceros_mindanensis
Chloropsis_kinabaluensis,12,Coracopsis_sibilans
Chloropsis_kinabaluensis,12,Ptilinopus_ponapensis
Chloropsis_media,7,Chloropipo_flavicapilla
Chloropsis_media,7,Chloropipo_unicolor
Chloropsis_media,7,Chloropipo_uniformis
Chloropsis_media,7,Phlegopsis_borbae
Chloropsis_palawanensis,11,Ptilinopus_ponapensis
Chloropsis_palawanensis,11,Scleroptila_elgonensis
Chloropsis_sonnerati,9,Chloropipo_flavicapilla
Chloropsis_sonnerati,9,Chlorostilbon_bracei
Chloropsis_venusta,9,Chloropipo_flavicapilla
Chloropsis_venusta,9,Chloropipo_unicolor
Chloropsis_venusta,9,Chloropipo_uniformis
Chloropsis_venusta,9,Chlorostilbon_bracei
Chloropsis_venusta,9,Corythornis_cristatus
Chloropsis_venusta,9,Lophornis_verreauxii
Chloropsis_venusta,9,Merops_mentalis
Chloropsis_venusta,9,Phlegopsis_borbae
Chloropsis_venusta,9,Ptilopsis_leucotis
Chloropsis_venusta,9,Treron_chloropterus
Chlorornis_riefferii,10,Amaurornis_isabellinus
Chlorornis_riefferii,10,Chloropipo_uniformis
Chlorornis_riefferii,10,Lampornis_cinereicauda
Chlorornis_riefferii,10,Siphonorhis_americanus
Chlorospingus_canigularis,12,Chloropipo_unicolor
Chlorospingus_canigularis,12,Chloropipo_uniformis
Chlorospingus_flavigularis,10,Chloropipo_flavicapilla
Chlorospingus_flavovirens,11,Chloropipo_flavicapilla
Chlorospingus_inornatus,11,Chloropipo_uniformis
Chlorospingus_ophthalmicus,14,Chloropipo_flavicapilla
Chlorospingus_ophthalmicus,14,Chloropipo_holochlora
Chlorospingus_ophthalmicus,14,Chloropipo_uniformis
Chlorospingus_pileatus,11,Charadrius_dealbatus
Chlorospingus_pileatus,11,Chloropipo_flavicapilla
Chlorothraupis_frenata,11,Corythornis_cristatus
Chrysococcyx_cupreus,9,Chrysocolaptes_erythrocephalus
Chrysococcyx_cupreus,9,Chrysocolaptes_guttacristatus
Chrysococcyx_cupreus,9,Chrysocolaptes_haematribon
Chrysococcyx_cupreus,9,Chrysocolaptes_stricklandi
Chrysococcyx_cupreus,9,Chrysocolaptes_strictus
Chrysococcyx_cupreus,9,Chrysocolaptes_xanthocephalus
Chrysococcyx_cupreus,9,Hierococcyx_hyperythrus
Chrysococcyx_cupreus,9,Hierococcyx_pectoralis
Cicinnurus_regius,9,Dicrurus_menagei
Cicinnurus_regius,9,Fregilupus_varius
Cicinnurus_regius,9,Hemicircus_sordidus
Cicinnurus_regius,9,Pionus_reichenowi
Cicinnurus_regius,9,Ptilinopus_gestroi
Cicinnurus_regius,9,Ptilinopus_hernsheimi
Cicinnurus_regius,9,Ptilinopus_speciosus
Cicinnurus_regius,9,Ramphiculus_fischeri
Cicinnurus_regius,9,Ramphiculus_meridionalis
Cicinnurus_regius,9,Serinus_reichnowi
Cicinnurus_regius,9,Surniculus_musschenbroeki
Cinclodes_comechingonus,12,Actenoides_capucinus
Cinclodes_comechingonus,12,Ptilinopus_speciosus
Cinclodes_pabsti,8,Ptilinopus_fasciatus
Cissopis_leverianus,9,Merops_americanus
Cisticola_angusticauda,8,Chaetoptila_angustipluma
Clamator_jacobinus,10,Buteo_japonicus
Claravis_pretiosa,9,Aerodramus_brevirostris
Claravis_pretiosa,9,Columba_speciosa
Claravis_pretiosa,9,Heliopais_personata
Cleptornis_marchei,8,Leucopternis_lacernulata
Cleptornis_marchei,8,Leucopternis_schistacea
Cleptornis_marchei,8,Mesitornis_variegata
Cleptornis_marchei,8,Phaethornis_baroni
Cleptornis_marchei,8,Phaetornis_mexicanus
Cnemoscopus_rubrirostris,11,Aerodramus_brevirostris
Cnemoscopus_rubrirostris,11,Trichoglossus_rubritorquis
Coccycolius_iris,8,Coccyzus_bahamensis
Coccycolius_iris,8,Corythornis_cristatus
Coccycua_cinerea,7,Colaptes_cinereicapillus
Coccycua_cinerea,7,Gymnobucco_cinereiceps
Coccycua_cinerea,7,Tringa_cinerea
Coccycua_pumila,7,Coccyzus_bahamensis
Coccyzus_americanus,6,Daptrius_americanus
Coccyzus_americanus,6,Merops_americanus
Coccyzus_americanus,6,Siphonorhis_americanus
Coccyzus_erythropthalmus,10,Chrysocolaptes_erythrocephalus
Coccyzus_erythropthalmus,10,Pteroglossus_erythropygius
Coccyzus_euleri,6,Coccyzus_bahamensis
Coccyzus_ferrugineus,8,Geophaps_ferruginea
Coccyzus_lansbergi,6,Coccyzus_bahamensis
Coccyzus_longirostris,6,Chalcophaps_longirostris
Coccyzus_melacoryphus,10,Coccyzus_bahamensis
Coccyzus_melacoryphus,10,Colaptes_melanolaimus
Coccyzus_melacoryphus,10,Icterus_melanopsis
Coccyzus_merlini,7,Coccyzus_bahamensis
Coccyzus_merlini,7,Ramphiculus_meridionalis
Coccyzus_merlini,7,Saurothera_merlini
Coccyzus_minor,5,Coccyzus_bahamensis
Coccyzus_minor,5,Phoenicopterus_minor
Coccyzus_pluvialis,8,Coccyzus_bahamensis
Coccyzus_rufigularis,8,Ramphiculus_subgularis
Coccyzus_vetula,5,Coccyzus_bahamensis
Coccyzus_vieilloti,8,Coccyzus_bahamensis
Cochlearius_cochlearius,2,Cochlearius_cochlearia
Cochoa_viridis,5,Merops_viridissimus
Coeligena_bonapartei,6,Coeligena_conradii
Coeligena_coeligena,5,Coeligena_consita
Coeligena_coeligena,5,Coeligena_eisenmanni
Coeligena_phalerata,6,Coeligena_albicaudata
Colaptes_rubiginosus,4,Colaptes_aeruginosus
Collocalia_mearnsi,6,Collocalia_spodiopygius
Collocalia_ocista,5,Collocalia_spodiopygius
Columba_sjostedti,6,Columba_corensis
Columba_sjostedti,6,Columba_jouyi
Columba_sjostedti,6,Columba_speciosa
Columbina_minuta,6,Columba_araucana
Columbina_minuta,6,Columba_inornata
Columbina_minuta,6,Columba_maculosa
Columbina_minuta,6,Columba_mayeri
Columbina_minuta,6,Columba_picazuro
Columbina_minuta,6,Columba_picturata
Columbina_minuta,6,Columba_squamosa
Columbina_passerina,7,Columba_caribaea
Columbina_passerina,7,Columba_fasciata
Columbina_passerina,7,Columba_mayeri
Columbina_passerina,7,Columba_subvinacea
Compsospiza_garleppi,11,Amphispiza_quinquestriata
Compsospiza_garleppi,11,Rhynchospiza_strigiceps
Conirostrum_cinereum,10,Colaptes_cinereicapillus
Conirostrum_cinereum,10,Lampornis_cinereicauda
Conirostrum_cinereum,10,Psittaculirostris_cervicalis
Conirostrum_sitticolor,12,Chloropipo_unicolor
Conirostrum_sitticolor,12,Hierococcyx_nisicolor
Conirostrum_sitticolor,12,Psittaculirostris_cervicalis
Conirostrum_tamarugense,13,Antrostomus_arizonae
Conirostrum_tamarugense,13,Canirallus_beankaensis
Conirostrum_tamarugense,13,Cynanthus_lawrencei
Conirostrum_tamarugense,13,Momotus_bahamensis
Conirostrum_tamarugense,13,Tockus_damarensis
Conopophaga_ardesiaca,11,Siphonorhis_americanus
Conopophaga_castaneiceps,13,Arborophila_tonkinesis
Conopophaga_castaneiceps,13,Colaptes_atriceps
Conopophaga_castaneiceps,13,Coua_olivaceiceps
Conopophaga_castaneiceps,13,Pyrrhura_caeruleiceps
Conopophaga_castaneiceps,13,Rhynchospiza_strigiceps
Conopophaga_peruviana,9,Pyrrhura_peruviana
Copsychus_malabaricus,7,Psilopogon_malabaricus
Copsychus_malabaricus,7,Vanellus_malabaricus
Coracias_abyssinicus,6,Coracias_affinis
Coracias_naevia,4,Coracias_affinis
Coracina_boyeri,7,Columba_mayeri
Coracina_boyeri,7,Coracias_affinis
Corvus_cryptoleucus,10,Aulacorhynchus_cyanolaemus
Corvus_cryptoleucus,10,Certhiasomus_stictolaemus
Corvus_cryptoleucus,10,Corythornis_cristatus
Corvus_cryptoleucus,10,Microhierax_melanoleucus
Corvus_cryptoleucus,10,Spizastur_melanoleucus
Corvus_cryptoleucus,10,Tringa_hypoleucos
Corvus_moneduloides,8,Pionus_seniloides
Cossyphicula_roberti,11,Arborophila_tonkinesis
Cossyphicula_roberti,11,Bambusicola_sonorivox
Cossyphicula_roberti,11,Dendropicos_goertae
Cossyphicula_roberti,11,Gallinula_comeri
Cossyphicula_roberti,11,Ramphiculus_meridionalis
Cossyphicula_roberti,11,Trichoglossus_rubritorquis
Cossyphicula_roberti,11,Trichoglossus_weberi
Coturnicops_exquisitus,12,Coracopsis_sibilans
Coturnicops_exquisitus,12,Corythornis_cristatus
Coturnicops_exquisitus,12,Phaetornis_mexicanus
Coturnicops_notatus,8,Coturnix_novaezelandiae
Coturnicops_noveboracensis,10,Parkesia_noveboracensis
Coua_caerulea,4,Pyrrhura_caeruleiceps
Cranioleuca_demissa,10,Eriocnemis_sapphiropygia
Cranioleuca_demissa,10,Systellura_decussata
Cranioleuca_dissita,10,Coeligena_consita
Cranioleuca_erythrops,9,Pteroglossus_erythropygius
Cranioleuca_pallida,10,Coeligena_albicaudata
Cranioleuca_pallida,10,Myrmeciza_palliata
Cranioleuca_pallida,10,Ptilinopus_alligator
Cranioleuca_vulpina,10,Columba_subvinacea
Crax_alberti,5,Melozone_aberti
Crax_alberti,5,Strix_albitarsus
Crax_rubra,3,Psittacara_rubritorquis
Criniger_calurus,8,Canirallus_beankaensis
Criniger_olivaceus,5,Amaurornis_olivaceus
Crocias_langbianis,7,Coracias_affinis
Crossoptilon_auritum,10,Psilopogon_auricularus
Crypturellus_atrocapillus,9,Crypturellus_occidentalis
Cyanocorax_melanocyaneus,12,Microhierax_melanoleucus
Cyanocorax_morio,8,Phalacrocorax_perspicillatus
Cyanocorax_morio,8,Phalacrocorax_verrucosus
Cyanocorax_mystacalis,8,Peucaea_mystacalis
Cyanocorax_sanblasianus,13,Lophoceros_semifasciatus
Cyanocorax_sanblasianus,13,Neocrex_colombianus
Cyanocorax_violaceus,10,Phalacrocorax_verrucosus
Cyanocorax_yucatanicus,8,Otophanes_yucatanicus
Cyclarhis_gujanensis,9,Diopsittaca_cumanensis
Cyclarhis_gujanensis,9,Grallaricula_cumanensis
Cyornis_concretus,7,Corythornis_cristatus
Cyornis_concretus,7,Lampornis_cinereicauda
Cyornis_rubeculoides,9,Pionus_seniloides
Cyornis_rubeculoides,9,Premnornis_guttuliger
Dendragapus_falcipennis,10,Hylatomus_fuscipennis
Dendragapus_fuliginosus,7,Mulleripicus_fuliginosus
Dendrocygna_arcuata,9,Dendrocopos_analis
Dicaeum_nigrilore,8,Paroaria_nigrogenis
Dicaeum_nigrilore,8,Tanysiptera_nigriceps
Dicrurus_adsimilis,6,Phodilus_assimilis
Dicrurus_forficatus,9,Dicrurus_menagei
Dicrurus_forficatus,9,Hemicircus_sordidus
Dicrurus_forficatus,9,Lophoceros_fasciatus
Dicrurus_forficatus,9,Ptilinopus_fasciatus
Dicrurus_forficatus,9,Spizaetus_africanus
Diglossa_venezuelensis,10,Streptopelia_senegalensis
Dolospingus_fringilloides,12,Pionus_seniloides
Dysithamnus_occidentalis,8,Crypturellus_occidentalis
Dysithamnus_plumbeus,10,Leucopternis_plumbea
Dysithamnus_plumbeus,10,Rostrhamus_hamatus
Dysithamnus_xanthopterus,11,Pionites_xanthomerius
Eclectus_roratus,7,Otus_roboratus
Egretta_eulophotes,11,Aerodramus_leucophaeus
Egretta_eulophotes,11,Coeligena_eos
Egretta_eulophotes,11,Cyclopsitta_melanogenia
Egretta_eulophotes,11,Ectopistes_migratorius
Egretta_eulophotes,11,Eurostopodus_exul
Egretta_eulophotes,11,Eurostopodus_nigripennis
Egretta_eulophotes,11,Fregetta_maoriana
Egretta_eulophotes,11,Myiopsitta_luchsi
Egretta_eulophotes,11,Prosobonia_leucoptera
Egretta_eulophotes,11,Psittacella_lorentzi
Egretta_eulophotes,11,Psittaculirostris_cervicalis
Egretta_eulophotes,11,Psittaculirostris_godmani
Egretta_eulophotes,11,Rhizothera_dulitensis
Egretta_eulophotes,11,Treron_chloropterus
Egretta_eulophotes,11,Treron_phoenicoptera
Elvira_cupreiceps,6,Amazilia_cupreicauda
Emberiza_buchanani,9,Drymotoxeres_pucherani
Emberiza_caesia,6,Myrmeciza_palliata
Emberiza_chrysophrys,10,Merops_cyanophrys
Emberiza_cia,5,Myrmeciza_palliata
Emberiza_cineracea,8,Tringa_cinerea
Emberiza_cioides,7,Colaptes_mexicanoides
Emberiza_cirlus,7,Psilopogon_rubricapillus
Emberiza_citrinella,9,Pseudocolopteryx_citreola
Emberiza_godlewskii,11,Columba_corensis
Emberiza_godlewskii,11,Columba_goodsoni
Emberiza_godlewskii,11,Myrmeciza_palliata
Emberiza_jankowskii,11,Myrmeciza_palliata
Emberiza_tahapisi,9,Myrmeciza_palliata
Emberizoides_ypiranganus,13,Actenoides_regalis
Eopsaltria_flaviventris,10,Columba_flavirostris
Eos_bornea,3,Calonectris_borealis
Epimachus_albertisi,9,Aulacorhynchus_albivitta
Epimachus_albertisi,9,Spizaetus_alboniger
Epimachus_albertisi,9,Spizaetus_bartelsi
Eremomela_salvadorii,7,Ducula_salvadorii
Ergaticus_versicolor,8,Columba_versicolor
Erythrura_prasina,8,Pyrrhura_pacifica
Erythrura_prasina,8,Pyrrhura_peruviana
Estrilda_kandti,7,Chrysocolaptes_stricklandi
Estrilda_paludicola,9,Scleroptila_psilolaema
Estrilda_rhodopyga,10,Collocalia_spodiopygius
Estrilda_rhodopyga,10,Psittaculirostris_godmani
Eubucco_richardsoni,9,Eubucco_aurantiicollis
Eubucco_richardsoni,9,Eubucco_glaucogularis
Eubucco_richardsoni,9,Eubucco_steerii
Eudromias_morinellus,11,Amaurornis_moluccanus
Eudromias_morinellus,11,Amaurornis_olivaceus
Eudromias_morinellus,11,Antrostomus_vociferus
Eudromias_morinellus,11,Calonectris_borealis
Eudromias_morinellus,11,Chlidonias_hybridus
Eudromias_morinellus,11,Eudynamys_Orientalis
Eudromias_morinellus,11,Oceanodroma_microsoma
Eudyptula_minor,5,Malacoptila_minor
Eupherusa_cyanophrys,7,Merops_cyanophrys
Euplectes_macroura,9,Atlapetes_atricapillus
Eurostopodus_macrotis,6,Eurostopodus_nigripennis
Falculea_palliata,6,Myrmeciza_palliata
Falcunculus_frontatus,9,Psittacara_frontatus
Ficedula_superciliaris,11,Ramphiculus_subgularis
Ficedula_zanthopygia,10,Streptopelia_xanthocycla
Formicarius_nigricapillus,12,Colaptes_cinereicapillus
Formicarius_nigricapillus,12,Psilopogon_rubricapillus
Formicarius_rufipectus,7,Automolus_rufipectus
Garrulax_strepitans,8,Rallus_crepitans
Garrulax_striatus,7,Butorides_striatus
Garrulax_subunicolor,10,Chloropipo_unicolor
Haplospiza_rustica,9,Amphispiza_quinquestriata
Haplospiza_rustica,9,Aplonis_fusca
Haplospiza_rustica,9,Rhynchospiza_stolzmanni
Haplospiza_rustica,9,Rhynchospiza_strigiceps
Haplospiza_unicolor,7,Chloropipo_unicolor
Harpactes_ardens,7,Otidiphaps_aruensis
Harpactes_diardii,8,Bycanistes_sharpii
Heliangelus_mavors,5,Heliangelus_clarisse
Heliangelus_mavors,5,Heliangelus_spencei
Heliangelus_mavors,5,Heliangelus_zusii
Hirundo_neoxena,9,Buceros_mindanensis
Hirundo_neoxena,9,Ceyx_mindanensis
Hirundo_neoxena,9,Ciridops_anna
Hirundo_neoxena,9,Coeligena_eisenmanni
Hirundo_neoxena,9,Coturnix_novaezelandiae
Hirundo_neoxena,9,Cyclopsitta_coxeni
Hirundo_neoxena,9,Dicrurus_menagei
Hirundo_neoxena,9,Gymnobucco_vernayi
Hirundo_neoxena,9,Lophornis_verreauxii
Hirundo_neoxena,9,Ninox_leventisi
Hirundo_neoxena,9,Ninox_mindorensis
Hirundo_neoxena,9,Ninox_roseoaxillaris
Hirundo_neoxena,9,Phaetornis_mexicanus
Hirundo_neoxena,9,Prioniturus_mindorensis
Hirundo_neoxena,9,Puffinus_elegans
Hirundo_neoxena,9,Reinwardtoena_reinwardtii
Hirundo_neoxena,9,Treron_phoenicoptera
Hirundo_neoxena,9,Turnix_novaecaledoniae
Histurgops_ruficaudus,11,Peucaea_ruficauda
Histurgops_ruficaudus,11,Zosterops_strenuus
Histurgops_ruficaudus,11,Zosterops_strenuus
Histurgops_ruficaudus,11,Zosterops_strenuus
Hyloctistes_subulatus,11,Butorides_striatus
Hyloctistes_subulatus,11,Chrysocolaptes_strictus
Hyloctistes_subulatus,11,Cypseloides_rutilus
Hyloctistes_subulatus,11,Schistes_albogularis
Hyloctistes_virgatus,10,Butorides_striatus
Hyloctistes_virgatus,10,Chrysocolaptes_strictus
Hyloctistes_virgatus,10,Ectopistes_migratorius
Hylomanes_momotula,9,Caloenas_maculata
Hylomanes_momotula,9,Hydrobates_monteiroi
Hylonympha_macrocerca,10,Oreonympha_albolimbata
Hylopezus_auricularis,7,Psilopogon_auricularus
Hylopezus_berlepschi,11,Aerodramus_bartschi
Hylopezus_berlepschi,11,Hylatomus_fuscipennis
Hylopezus_berlepschi,11,Hypnelus_bicinctus
Hylopezus_berlepschi,11,Ptilinopus_hernsheimi
Hylopezus_berlepschi,11,Ptilinopus_mercierii
Hylopezus_berlepschi,11,Spizaetus_bartelsi
Hylopezus_berlepschi,11,Trachylaemus_togoensis
Hylopezus_dives,7,Scytalopus_diamantinensis
Hylopezus_fulviventris,9,Hylatomus_fuscipennis
Hylopezus_macularius,9,Caloenas_maculata
Ibidorhyncha_struthersii,13,Aulacorhynchus_wagleri
Icteria_virens,7,Calonectris_borealis
Icteria_virens,7,Guttera_verreauxi
Icteria_virens,7,Icterus_melanopsis
Icteria_virens,7,Icterus_northropi
Icteria_virens,7,Icterus_portoricensis
Icteria_virens,7,Icterus_pyrrhopterus
Icteria_virens,7,Pitta_irena
Icteria_virens,7,Psittacella_lorentzi
Icteria_virens,7,Spilopelia_chinensis
Icterus_abeillei,6,Icterus_melanopsis
Icterus_auratus,5,Icterus_northropi
Icterus_auratus,5,Icterus_portoricensis
Ictinia_plumbea,5,Leucopternis_plumbea
Illadopsis_fulvescens,11,Dendroica_flavescens
Illadopsis_fulvescens,11,Ptilopsis_leucotis
Ixos_palawanensis,7,Buceros_mindanensis
Ixos_palawanensis,7,Halcyon_pelewensis
Junco_hyemalis,7,Psilopogon_nuchalis
Lagonosticta_nitidula,12,Coracopsis_sibilans
Larus_hemprichii,7,Larus_scoresbii
Larus_hemprichii,7,Larus_smithsonianus
Limnoctites_rectirostris,12,Aerodramus_brevirostris
Limnoctites_rectirostris,12,Chaunoproctus_ferreorostris
Limnoctites_rectirostris,12,Hemignathus_sagittirostris
Limnoctites_rectirostris,12,Heteralocha_acutirostris
Limnodromus_griseus,10,Aerodramus_brevirostris
Limnodromus_griseus,10,Aerodramus_leucophaeus
Limnodromus_griseus,10,Mimodes_Greysoni
Limnodromus_griseus,10,Oceanodroma_microsoma
Limnodromus_griseus,10,Ptilinopus_gestroi
Limnodromus_scolopaceus,11,Aerodramus_leucophaeus
Limnodromus_semipalmatus,11,Lophoceros_semifasciatus
Limnornis_curvirostris,8,Prosobonia_parvirostris
Lophotibis_cristata,7,Corythornis_cristatus
Mearnsia_picina,8,Drepanis_pacifica
Mearnsia_picina,8,Falcipennis_canadensis
Mearnsia_picina,8,Hypnelus_bicinctus
Mearnsia_picina,8,Lampornis_cinereicauda
Mearnsia_picina,8,Leucopternis_polionota
Mearnsia_picina,8,Lewinia_mirificus
Mearnsia_picina,8,Phalacrocorax_perspicillatus
Mearnsia_picina,8,Traversia_lyalli
Mearnsia_picina,8,Treron_bicincta
Megaceryle_alcyon,9,Oenanthe_albonigera
Megalurulus_rubiginosus,10,Mulleripicus_fuliginosus
Microrhopias_quixensis,11,Podiceps_juninensis
Microrhopias_quixensis,11,Rhizothera_dulitensis
Microrhopias_quixensis,11,Spilopelia_chinensis
Montifringilla_adamsi,11,Monticola_semirufus
Myiobius_sulphureipygius,12,Pteroglossus_erythropygius
Myrmeciza_exsul,4,Myrmeciza_palliata
Myrmeciza_immaculata,6,Myrmeciza_palliata
Myrmeciza_laemosticta,7,Myrmeciza_palliata
Myzomela_blasii,8,Colaptes_melanolaimus
Myzomela_pulchella,9,Nephelomyias_pulcher
Nectarinia_adelberti,11,Amazilia_bartletti
Nectarinia_adelberti,11,Hypotaenidia_tertia
Nectarinia_adelberti,11,Melanitta_americana
Nectarinia_adelberti,11,Melozone_aberti
Nectarinia_adelberti,11,Pernis_steerei
Nectarinia_adelberti,11,Psittacara_wagleri
Nectarinia_adelberti,11,Pterodroma_deserta
Nothocercus_nigrocapillus,12,Atlapetes_atricapillus
Nothocercus_nigrocapillus,12,Psilopogon_rubricapillus
Notiomystis_cincta,10,Corythornis_cristatus
Notiomystis_cincta,10,Ectopistes_migratorius
Notiomystis_cincta,10,Nephelomyias_lintoni
Notiomystis_cincta,10,Sypheotides_indica
Notiomystis_cincta,10,Treron_bicincta
Notiomystis_cincta,10,Tyto_multipunctata
Nyctibius_jamaicensis,9,Tockus_damarensis
Nyctibius_leucopterus,9,Lybius_leucogaster
Nyctiphrynus_ocellatus,11,Raphus_cucullatus
Nyctiphrynus_rosenbergi,9,Trichoglossus_rosenbergii
Nyctyornis_amictus,8,Corythornis_cristatus
Oedistoma_pygmaeum,9,Microcarbo_pygmaeus
Oena_capensis,3,Turnagra_capensis
Oreophylax_moreirae,9,Arborophila_tonkinesis
Oreophylax_moreirae,9,Asthenes_moreirae
Parotia_wahnesi,6,Amazilia_wagneri
Phalacrocorax_bougainvillii,9,Phalacrocorax_perspicillatus
Phalacrocorax_varius,3,Phalacrocorax_verrucosus
Phodilus_prigoginei,8,Phodilus_assimilis
Pogoniulus_atroflavus,11,Aulacorhynchus_atrogularis
Pogoniulus_atroflavus,11,Psilopogon_auricularus
Pogoniulus_atroflavus,11,Psilopogon_australis
Pogoniulus_atroflavus,11,Pternistis_atrifrons
Rallina_tricolor,6,Ara_tricolor
Rhinopomastus_aterrimus,13,Chaunoproctus_ferreorostris
Rhinopomastus_aterrimus,13,Chrysocolaptes_strictus
Rhinopomastus_aterrimus,13,Psilopogon_asiaticus
Rhinopomastus_aterrimus,13,Ptilinopus_hernsheimi
Rhinopomastus_aterrimus,13,Ptilinopus_mercierii
Rhinopomastus_aterrimus,13,Ptilinopus_speciosus
Rhinopomastus_aterrimus,13,Ptilinopus_temminckii
Rhinopomastus_aterrimus,13,Puffinus_persicus
Rhinopomastus_aterrimus,13,Ramphastos_ariel
Rhipidura_malaitae,7,Rhipidura_hypoxantha
Rhipidura_nebulosa,6,Rhipidura_hypoxantha
Rhipidura_nigrocinnamomea,12,Rhipidura_hypoxantha
Rhipidura_phoenicura,8,Orchetorhynchus_phoenicurus
Rhipidura_phoenicura,8,Rhipidura_hypoxantha
Rhipidura_superciliaris,11,Rhipidura_hypoxantha
Rhipidura_threnothorax,9,Rhipidura_hypoxantha
Rhizothera_longirostris,8,Chalcophaps_longirostris
Rhodinocichla_rosea,10,Monticola_semirufus
Rhodinocichla_rosea,10,Rhodopechys_alienus
Rostratula_benghalensis,10,Cittura_sanghirensis
Saltatricula_multicolor,12,Grallaria_fenwickorum
Saltatricula_multicolor,12,Grallaricula_cumanensis
Salvadorina_waigiuensis,12,Paroaria_nigrogenis
Salvadorina_waigiuensis,12,Scleroptila_elgonensis
Sapayoa_aenigma,8,Hypotaenidia_immaculata
Sapayoa_aenigma,8,Hypotaenidia_tertia
Sapayoa_aenigma,8,Micropaloma_himantopus
Sapayoa_aenigma,8,Piaya_mexicana
Sapayoa_aenigma,8,Streptopelia_senegalensis
Sappho_sparganura,10,Columba_araucana
Sappho_sparganura,10,Eriocnemis_sapphiropygia
Sappho_sparganura,10,Geocerthia_serrana
Sappho_sparganura,10,Setopagis_parvula
Sappho_sparganura,10,Spilopelia_suratensis
Sappho_sparganura,10,Trachylaemus_purpuratus
Sappho_sparganura,10,Treron_sphenura
Sappho_sparganura,10,Upupa_marginata
Sarcogyps_calvus,9,Ceuthmochares_australis
Sarcogyps_calvus,9,Chrysocolaptes_erythrocephalus
Sarcogyps_calvus,9,Hydropsalis_brasiliana
Sarcogyps_calvus,9,Megascops_vermiculatus
Sarcogyps_calvus,9,Merops_lafresnayii
Sarcogyps_calvus,9,Microcarbo_pygmaeus
Sarcogyps_calvus,9,Porphyrio_albus
Sarcogyps_calvus,9,Quiscalus_palustris
Sarcogyps_calvus,9,Setopagis_parvula
Sarcops_calvus,7,Ceuthmochares_australis
Sarcops_calvus,7,Hydropsalis_brasiliana
Sarcops_calvus,7,Megascops_vermiculatus
Sarcops_calvus,7,Merops_lafresnayii
Sarcops_calvus,7,Porphyrio_albus
Sarcops_calvus,7,Quiscalus_palustris
Sarcoramphus_papa,7,Calorhamphus_hayii
Sarkidiornis_melanotos,7,Sarkidiornis_sylvicola
Saroglossa_aurata,8,Pteroglossus_erythropygius
Saroglossa_aurata,8,Pteroglossus_sanguineus
Saroglossa_aurata,8,Trogon_aurantius
Saroglossa_spiloptera,11,Circus_spilothorax
Saroglossa_spiloptera,11,Prosobonia_leucoptera
Saroglossa_spiloptera,11,Pteroglossus_erythropygius
Saroglossa_spiloptera,11,Pteroglossus_sturmii
Saroglossa_spiloptera,11,Trichoglossus_capistratus
Saroglossa_spiloptera,11,Vermivora_cyanoptera
Sarothrura_affinis,7,Aegotheles_affinis
Sasia_abnormis,7,Siphonorhis_americanus
Sasia_africana,5,Spizaetus_africanus
Sasia_ochracea,4,Nephelomyias_ochraceiventris
Satrapa_icterophrys,9,Merops_cyanophrys
Schizoeaca_coryi,8,Asthenes_coryi
Schoutedenapus_schoutedeni,14,Leucopternis_schistacea
Scytalopus_parvirostris,9,Prosobonia_parvirostris
Scytalopus_robbinsi,6,Scytalopus_diamantinensis
Sterna_aurantia,6,Trogon_aurantius
Tachyphonus_phoenicius,8,Trachyphonus_emini
Tangara_cyanoventris,9,Turnagra_capensis
Tangara_desmaresti,10,Clanga_hastata
Tangara_desmaresti,10,Melanitta_deglandi
Tangara_desmaresti,10,Myiagra_freycineti
Tangara_desmaresti,10,Peucaea_aestivalis
Tangara_desmaresti,10,Tauraco_schuettii
Tangara_desmaresti,10,Tockus_damarensis
Tangara_desmaresti,10,Turnagra_capensis
Tangara_desmaresti,10,Zoothera_terrestris
Tangara_desmaresti,10,Zoothera_terrestris
Tangara_larvata,6,Clanga_hastata
Tangara_larvata,6,Columba_larvata
Tangara_viridicollis,9,Eubucco_aurantiicollis
Tangara_xanthocephala,7,Chrysocolaptes_xanthocephalus
Tanysiptera_carolinae,7,Tanysiptera_nigriceps
Tanysiptera_danae,4,Tanysiptera_nigriceps
Tanysiptera_hydrocharis,8,Tanysiptera_nigriceps
Tanysiptera_riedelii,6,Tanysiptera_nigriceps
Tapera_naevia,6,Campethera_taeniolaema
Taphrospilus_hypostictus,13,Tachybaptus_rufolavatus
Taphrospilus_hypostictus,13,Trichoglossus_capistratus
Tarphonomus_certhioides,12,Pionus_seniloides
Tarsiger_cyanurus,9,Daptrius_americanus
Tarsiger_cyanurus,9,Merops_americanus
Tarsiger_cyanurus,9,Necropsar_rodericanus
Tarsiger_cyanurus,9,Passer_zarudnyi
Tarsiger_cyanurus,9,Siphonorhis_americanus
Tarsiger_cyanurus,9,Turnix_nanus
Tarsiger_indicus,6,Burhinus_indicus
Tarsiger_johnstoniae,8,Musophaga_johnstoni
Tauraco_fischeri,5,Tauraco_schuettii
Tauraco_leucolophus,6,Tigriornis_leucolophus
Tauraco_livingstonii,9,Tauraco_schuettii
Tauraco_macrorhynchus,8,Turdus_xanthorhynchus
Tauraco_persa,4,Tauraco_schuettii
Tauraco_porphyreolophus,7,Musophaga_porphyreolopha
Tauraco_schuetti,1,Tauraco_schuettii
Tchagra_jamesi,6,Turnagra_capensis
Tchagra_senegalus,8,Streptopelia_senegalensis
Tchagra_tchagra,6,Hemiphaga_chathamensis
Telacanthura_melanopygia,12,Cyclopsitta_melanogenia
Teledromas_fuscus,7,Melozone_fuscus
Telespiza_ultima,9,Amphispiza_quinquestriata
Telespiza_ultima,9,Coeligena_albicaudata
Telespiza_ultima,9,Myrmeciza_palliata
Telespiza_ultima,9,Parkesia_motacilla
Telespiza_ultima,9,Rhynchospiza_stolzmanni
Telespiza_ultima,9,Rhynchospiza_strigiceps
Telespiza_ultima,9,Traversia_lyalli
Telophorus_dohertyi,10,Melozone_aberti
Telophorus_dohertyi,10,Momotus_coeruliceps
Telophorus_dohertyi,10,Phaenicophaeus_oeneicaudus
Telophorus_dohertyi,10,Psilopogon_oorti
Telophorus_dohertyi,10,Psilorhinus_morio
Telophorus_kupeensis,11,Campephilus_splendens
Telophorus_kupeensis,11,Gallirallus_wakensis
Telophorus_kupeensis,11,Momotus_bahamensis
Telophorus_kupeensis,11,Otidiphaps_aruensis
Telophorus_kupeensis,11,Otus_sulaensis
Telophorus_kupeensis,11,Phaenicophaeus_oeneicaudus
Telophorus_kupeensis,11,Podiceps_juninensis
Telophorus_kupeensis,11,Psilopogon_annamensis
Telophorus_kupeensis,11,Ptilinopus_ponapensis
Telophorus_kupeensis,11,Rhizothera_dulitensis
Telophorus_kupeensis,11,Spilopelia_chinensis
Telophorus_kupeensis,11,Spilopelia_suratensis
Telophorus_kupeensis,11,Spizaetus_nipalensis
Telophorus_kupeensis,11,Tockus_damarensis
Telophorus_kupeensis,11,Trachylaemus_togoensis
Telophorus_kupeensis,11,Turnagra_capensis
Telophorus_multicolor,11,Chloropipo_unicolor
Telophorus_multicolor,11,Melozone_albicollis
Telophorus_multicolor,11,Phoenicopterus_minor
Telophorus_multicolor,11,Psilopogon_auricularus
Telophorus_olivaceus,8,Amaurornis_olivaceus
Telophorus_sulfureopectus,12,Automolus_rufipectus
Telophorus_zeylonus,10,Ptilinopus_melanospila
Temnurus_temnurus,9,Rallus_tenuirostris
Tephrodornis_gularis,10,Aulacorhynchus_caerulogularis
Tephrodornis_gularis,10,Corythornis_cristatus
Tephrodornis_gularis,10,Halcyon_gularis
Tephrodornis_gularis,10,Mesitornis_variegata
Tephrodornis_gularis,10,Otidiphaps_insularis
Tephrodornis_gularis,10,Phaethornis_baroni
Tephrodornis_gularis,10,Siphonorhis_americanus
Tephrozosterops_stalkeri,11,Gymnophaps_stalkeri
Terenotriccus_erythrurus,12,Pteroglossus_erythropygius
Terenura_callinota,9,Leucopternis_polionota
Terenura_callinota,9,Myrmeciza_palliata
Terenura_maculata,6,Aratinga_maculata
Terenura_maculata,6,Caloenas_maculata
Terenura_maculata,6,Tringa_macularia
Terenura_sicki,7,Leucopternis_schistacea
Terenura_sicki,7,Pyrrhura_lucianii
Terenura_sicki,7,Pyrrhura_pacifica
Terenura_sicki,7,Treron_bicincta
Terenura_sicki,7,Tringa_cinerea
Teretistris_fernandinae,12,Psittaculirostris_cervicalis
Terpsiphone_atrocaudata,11,Coeligena_albicaudata
Terpsiphone_bedfordi,11,Chloropipo_uniformis
Terpsiphone_cinnamomea,11,Halcyon_cinnamominus
Terpsiphone_cinnamomea,11,Thamnolaea_cinnamomeiventris
Terpsiphone_corvina,9,Aplonis_corvina
Terpsiphone_cyanescens,12,Dendroica_flavescens
Terpsiphone_cyanescens,12,Hemiphaga_chathamensis
Terpsiphone_cyanescens,12,Vermivora_cyanoptera
Terpsiphone_mutata,10,Heliopais_personata
Terpsiphone_mutata,10,Otophanes_yucatanicus
Terpsiphone_paradisi,12,Asthenes_palpebralis
Terpsiphone_paradisi,12,Chlorostilbon_bracei
Terpsiphone_paradisi,12,Coeligena_conradii
Terpsiphone_paradisi,12,Cyclopsitta_amabilis
Terpsiphone_paradisi,12,Cypseloides_phelpsi
Terpsiphone_paradisi,12,Dendrocopos_analis
Terpsiphone_paradisi,12,Drymotoxeres_pucherani
Terpsiphone_paradisi,12,Melozone_crissalis
Terpsiphone_paradisi,12,Merops_viridissimus
Terpsiphone_paradisi,12,Otidiphaps_aruensis
Terpsiphone_paradisi,12,Porphyrio_martinicus
Terpsiphone_paradisi,12,Prosobonia_parvirostris
Terpsiphone_paradisi,12,Pseudasthenes_patagonica
Terpsiphone_paradisi,12,Ramphiculus_meridionalis
Terpsiphone_paradisi,12,Siphonorhis_americanus
Terpsiphone_paradisi,12,Tanysiptera_nigriceps
Terpsiphone_paradisi,12,Treron_aromaticus
Terpsiphone_paradisi,12,Treron_phayrei
Terpsiphone_paradisi,12,Treron_psittacea
Terpsiphone_paradisi,12,Trogon_aurantius
Terpsiphone_rufocinerea,12,Tringa_cinerea
Terpsiphone_viridis,8,Merops_viridissimus
Tersina_viridis,5,Merops_viridissimus
Tesia_cyaniventer,8,Parkesia_noveboracensis
Tesia_cyaniventer,8,Vermivora_cyanoptera
Tesia_superciliaris,10,Gerygone_insularis
Tesia_superciliaris,10,Parkesia_motacilla
Tesia_superciliaris,10,Peucaea_humeralis
Tesia_superciliaris,10,Puffinus_subalaris
Tesia_superciliaris,10,Ramphiculus_subgularis
Tesia_superciliaris,10,Spilopelia_suratensis
Tesia_superciliaris,10,Streptopelia_senegalensis
Tetrao_mlokosiewiczi,12,Microhierax_melanoleucus
Tetrao_mlokosiewiczi,12,Psittacella_lorentzi
Tetrao_tetrix,6,Zoothera_terrestris
Tetrao_tetrix,6,Zoothera_terrestris
Tetraogallus_altaicus,10,Gallirallus_pacificus
Tetraogallus_caucasicus,10,Gallirallus_pacificus
Tetraogallus_tibetanus,11,Canirallus_beankaensis
Tetraophasis_szechenyii,13,Dryobates_pernyii
Tetraophasis_szechenyii,13,Phaenicophaeus_oeneicaudus
Tetraophasis_szechenyii,13,Rhynchophanes_mccownii
Tetraophasis_szechenyii,13,Setopagis_heterura
Tetraophasis_szechenyii,13,Todiramphus_reichenbachii
Thalassarche_bulleri,11,Asthenes_helleri
Thalassarche_cauta,10,Alethe_castanea
Thalassarche_cauta,10,Ortalis_araucuan
Thalassarche_chrysostoma,15,Pachycephala_tenebrosa
Thalassarche_chrysostoma,15,Phalacrocorax_perspicillatus
Thalassarche_chrysostoma,15,Phalacrocorax_verrucosus
Thalassarche_chrysostoma,15,Ptilinopus_chrysogaster
Thalassarche_impavida,13,Otidiphaps_cervicalis
Thalassarche_impavida,13,Rallus_crepitans
Thalassarche_salvini,12,Aegotheles_affinis
Thalassarche_salvini,12,Chalcophaps_affinis
Thalassarche_salvini,12,Oenanthe_albonigera
Thalassarche_salvini,12,Otidiphaps_aruensis
Thalassarche_salvini,12,Thamnolaea_cinnamomeiventris
Thalassoica_antarctica,9,Pygoscelis_antarctica
Thalurania_colombica,8,Ortalis_colombiana
Thalurania_furcata,9,Mareca_falcata
Thalurania_furcata,9,Otophanes_yucatanicus
Thalurania_ridgwayi,11,Amazilia_grayi
Thalurania_ridgwayi,11,Grallaria_fenwickorum
Thalurania_ridgwayi,11,Systellura_roraimae
Thalurania_watertonii,11,Phaethornis_baroni
Thamnistes_anabatinus,10,Myadestes_myadestinus
Thamnomanes_caesius,8,Thamnolaea_cinnamomeiventris
Thamnomanes_saturninus,11,Actenoides_capucinus
Thamnomanes_saturninus,11,Thamnolaea_cinnamomeiventris
Thamnophilus_aethiops,10,Phaethornis_aethopygus
Thamnophilus_ambiguus,10,Chaetoptila_angustipluma
Thamnophilus_ambiguus,10,Trogon_ambiguus
Thamnophilus_atrinucha,11,Aulacorhynchus_atrogularis
Thamnophilus_atrinucha,11,Siphonorhis_americanus
Thamnophilus_atrinucha,11,Thamnolaea_cinnamomeiventris
Thamnophilus_caerulescens,11,Campephilus_splendens
Thamnophilus_divisorius,12,Charadrius_aquilonius
Thamnophilus_divisorius,12,Charadrius_nivosus
Thamnophilus_doliatus,10,Charadrius_dealbatus
Thamnophilus_insignis,10,Chalcophaps_affinis
Thamnophilus_multistriatus,13,Trichoglossus_capistratus
Thamnophilus_nigriceps,10,Tanysiptera_nigriceps
Thamnophilus_palliatus,10,Ptilinopus_fasciatus
Thamnophilus_praecox,10,Campephilus_splendens
Thamnophilus_ruficapillus,12,Atlapetes_atricapillus
Thamnophilus_ruficapillus,12,Automolus_rufipectus
Thamnophilus_ruficapillus,12,Psilopogon_rubricapillus
Thamnophilus_stictocephalus,14,Certhiasomus_stictolaemus
Thamnophilus_stictocephalus,14,Chrysocolaptes_xanthocephalus
Thamnophilus_sticturus,11,Campephilus_splendens
Thamnophilus_torquatus,12,Campephilus_splendens
Thamnophilus_torquatus,12,Charadrius_dealbatus
Thamnophilus_torquatus,12,Ptilinopus_fasciatus
Thamnophilus_torquatus,12,Rostrhamus_hamatus
Thamnophilus_torquatus,12,Siphonorhis_americanus
Thamnophilus_torquatus,12,Trachylaemus_purpuratus
Thamnophilus_torquatus,12,Trichoglossus_capistratus
Thamnophilus_unicolor,8,Chloropipo_unicolor
Thamnophilus_zarumae,10,Campephilus_splendens
Thamnophilus_zarumae,10,Siphonorhis_americanus
Thamnornis_chloropetoides,12,Treron_chloropterus
Thaumastura_cora,8,Phalacrocorax_perspicillatus
Thaumastura_cora,8,Phalacrocorax_verrucosus
Thaumatibis_gigantea,12,Amaurornis_isabellinus
Thaumatibis_gigantea,12,Amazilia_wagneri
Thaumatibis_gigantea,12,Batis_erlangeri
Thaumatibis_gigantea,12,Charadrius_bifrontatus
Thaumatibis_gigantea,12,Chasiempis_sclateri
Thaumatibis_gigantea,12,Columba_albilinea
Thaumatibis_gigantea,12,Haematopus_meadewaldoi
Thaumatibis_gigantea,12,Lampornis_cinereicauda
Thaumatibis_gigantea,12,Podilymbus_gigas
Thaumatibis_gigantea,12,Thamnolaea_cinnamomeiventris
Thaumatibis_gigantea,12,Theristicus_branicki
Thaumatibis_gigantea,12,Upupa_marginata
Theristicus_caerulescens,10,Theristicus_branicki
Theristicus_caudatus,7,Theristicus_branicki
Thescelocichla_leucopleura,12,Prosobonia_leucoptera
Thinocorus_rumicivorus,11,Mulleripicus_fuliginosus
Thinocorus_rumicivorus,11,Ptilinopus_speciosus
Thinornis_novaeseelandiae,8,Coturnix_novaezelandiae
Thinornis_rubricollis,10,Falco_ruficollis
Thinornis_rubricollis,10,Melozone_albicollis
Thinornis_rubricollis,10,Phaethornis_porcullae
Thinornis_rubricollis,10,Sarkidiornis_sylvicola
Thinornis_rubricollis,10,Siphonorhis_americanus
Thlypopsis_inornata,8,Phlegopsis_borbae
Thlypopsis_pectoralis,9,Hierococcyx_pectoralis
Thlypopsis_sordida,7,Phlegopsis_borbae
Thraupis_abbas,7,Chionis_alba
Thraupis_abbas,7,Hydropsalis_brasiliana
Thraupis_bonariensis,8,Otidiphaps_aruensis
Thraupis_cyanocephala,10,Aulacorhynchus_cyanolaemus
Thraupis_cyanocephala,10,Galbula_chalcocephala
Thraupis_cyanocephala,10,Merops_cyanophrys
Thraupis_cyanoptera,6,Vermivora_cyanoptera
Thraupis_episcopus,10,Charadrius_nivosus
Thraupis_episcopus,10,Corythornis_cristatus
Thraupis_episcopus,10,Hemignathus_ellisianus
Thraupis_episcopus,10,Larus_scoresbii
Thraupis_episcopus,10,Phaetornis_mexicanus
Thraupis_episcopus,10,Theristicus_branicki
Thraupis_glaucocolpa,10,Eubucco_glaucogularis
Thraupis_glaucocolpa,10,Tigriornis_leucolophus
Thraupis_ornata,7,Columba_inornata
Thraupis_palmarum,8,Rhodacanthis_palmeri
Thraupis_sayaca,8,Gymnophaps_stalkeri
Thraupis_sayaca,8,Ortalis_squamata
Thraupis_sayaca,8,Otophanes_yucatanicus
Thraupis_sayaca,8,Pezophaps_solitaria
Threnetes_leucurus,9,Urochroa_leucura
Threnetes_niger,7,Asthenes_griseomurina
Threnetes_niger,7,Asthenes_perijana
Threnetes_ruckeri,8,Asthenes_helleri
Threnetes_ruckeri,8,Asthenes_perijana
Threskiornis_aethiopicus,8,Phaethornis_aethopygus
Threskiornis_bernieri,10,Mesitornis_variegata
Threskiornis_bernieri,10,Phaethornis_baroni
Threskiornis_melanocephalus,13,Phaetornis_mexicanus
Threskiornis_melanocephalus,13,Tigriornis_leucolophus
Threskiornis_molucca,6,Amaurornis_moluccanus
Threskiornis_spinicollis,11,Sarkidiornis_sylvicola
Thripadectes_flammulatus,12,Hieraaetus_fasciatus
Thripadectes_flammulatus,12,Spizaetus_lanceolatus
Thripadectes_melanorhynchus,13,Aulacorhynchus_calorhynchus
Thripadectes_melanorhynchus,13,Turdus_xanthorhynchus
Thripadectes_scrutator,12,Butorides_striatus
Thripias_namaquus,9,Rostrhamus_hamatus
Thripias_namaquus,9,Tringa_macularia
Thripias_namaquus,9,Turnix_nanus
Thripias_pyrrhogaster,9,Icterus_pyrrhopterus
Thripophaga_berlepschi,12,Musophaga_porphyreolopha
Thripophaga_berlepschi,12,Tringa_brevipes
Thripophaga_fusciceps,11,Rhizothera_dulitensis
Thryomanes_bewickii,9,Dryobates_pernyii
Thryorchilus_browni,9,Orchetorhynchus_phoenicurus
Thryorchilus_browni,9,Oreotrochilus_stolzmanni
Thryorchilus_browni,9,Phaethornis_baroni
Thryorchilus_browni,9,Theristicus_branicki
Thryothorus_coraya,9,Aulacorhynchus_cyanolaemus
Thryothorus_coraya,9,Corythornis_cristatus
Thryothorus_euophrys,11,Anthracothorax_aurulentus
Thryothorus_euophrys,11,Corythornis_cristatus
Thryothorus_fasciatoventris,14,Hylatomus_fuscipennis
Thryothorus_fasciatoventris,14,Lophoceros_fasciatus
Thryothorus_genibarbis,12,Corythornis_cristatus
Thryothorus_genibarbis,12,Trachyphonus_emini
Thryothorus_griseus,9,Corythornis_cristatus
Thryothorus_guarayanus,11,Anthracothorax_aurulentus
Thryothorus_leucopogon,11,Aerodramus_leucophaeus
Thryothorus_leucotis,9,Ptilopsis_leucotis
Thryothorus_longirostris,8,Chalcophaps_longirostris
Thryothorus_ludovicianus,12,Dromaius_baudinianus
Thryothorus_modestus,11,Anthracothorax_aurulentus
Thryothorus_modestus,11,Corythornis_cristatus
Thryothorus_modestus,11,Ixobrychus_dubius
Thryothorus_modestus,11,Myrmotherula_obscura
Thryothorus_mystacalis,10,Ceuthmochares_australis
Thryothorus_nicefori,10,Corythornis_cristatus
Thryothorus_nigricapillus,12,Atlapetes_atricapillus
Thryothorus_nigricapillus,12,Psilopogon_rubricapillus
Thryothorus_pleurostictus,12,Corythornis_cristatus
Thryothorus_rufalbus,11,Anthracothorax_aurulentus
Thryothorus_rufalbus,11,Aulacorhynchus_albivitta
Thryothorus_rufalbus,11,Ceuthmochares_australis
Thryothorus_rufalbus,11,Chrysocolaptes_erythrocephalus
Thryothorus_rufalbus,11,Corythornis_cristatus
Thryothorus_rufalbus,11,Ixobrychus_dubius
Thryothorus_rufalbus,11,Porphyrio_albus
Thryothorus_rufalbus,11,Tachybaptus_rufolavatus
Thryothorus_rutilus,9,Cypseloides_rutilus
Thryothorus_rutilus,9,Ixobrychus_dubius
Thryothorus_sclateri,9,Chasiempis_sclateri
Thryothorus_sclateri,9,Goura_sclaterii
Thryothorus_semibadius,11,Lophoceros_semifasciatus
Thryothorus_semibadius,11,Trachyphonus_emini
Thryothorus_sinaloa,10,Aulacorhynchus_calorhynchus
Thryothorus_superciliaris,14,Anthracothorax_aurulentus
Thryothorus_superciliaris,14,Aulacorhynchus_atrogularis
Thryothorus_superciliaris,14,Ceuthmochares_australis
Thryothorus_superciliaris,14,Corythornis_cristatus
Thryothorus_superciliaris,14,Phaethornis_porcullae
Thryothorus_superciliaris,14,Psittaculirostris_cervicalis
Thryothorus_superciliaris,14,Ramphiculus_subgularis
Thryothorus_superciliaris,14,Saurothera_merlini
Tiaris_bicolor,6,Columba_versicolor
Tiaris_bicolor,6,Hierococcyx_nisicolor
Tiaris_bicolor,6,Ortalis_colombiana
Tiaris_obscurus,6,Psophia_obscura
Tichodroma_muraria,9,Oceanodroma_macrodactyla
Tichodroma_muraria,9,Oceanodroma_microsoma
Tichodroma_muraria,9,Pterodroma_brevirostris
Tichodroma_muraria,9,Pterodroma_deserta
Tickellia_hodgsoni,10,Bambusicola_sonorivox
Tickellia_hodgsoni,10,Circus_hudsonius
Tickellia_hodgsoni,10,Frederickena_unduliger
Tickellia_hodgsoni,10,Psittacella_lorentzi
Tickellia_hodgsoni,10,Streptopelia_dusumieri
Tigriornis_leucolopha,1,Tigriornis_leucolophus
Tigrisoma_lineatum,10,Asthenes_griseomurina
Tigrisoma_lineatum,10,Ceyx_nigromaxilla
Tigrisoma_lineatum,10,Tigriornis_leucolophus
Tigrisoma_lineatum,10,Tringa_cinerea
Tigrisoma_lineatum,10,Tringa_incana
Tigrisoma_mexicanum,8,Phaetornis_mexicanus
Tijuca_atra,6,Ajaia_ajaja
Tijuca_atra,6,Amazilia_grayi
Tijuca_atra,6,Arborophila_graydoni
Tijuca_atra,6,Asthenes_vilcabambae
Tijuca_atra,6,Aulacorhynchus_atrogularis
Tijuca_atra,6,Coeligena_albicaudata
Tijuca_atra,6,Columba_araucana
Tijuca_atra,6,Cyclopsitta_amabilis
Tijuca_atra,6,Dendroica_flavescens
Tijuca_atra,6,Eubucco_aurantiicollis
Tijuca_atra,6,Formicivora_grantsaui
Tijuca_atra,6,Gallinago_delicata
Tijuca_atra,6,Gallinula_galeata
Tijuca_atra,6,Gallinula_pacifica
Tijuca_atra,6,Grallaricula_cumanensis
Tijuca_atra,6,Leuconotopicus_arizonae
Tijuca_atra,6,Ortalis_araucuan
Tijuca_atra,6,Ortalis_squamata
Tijuca_atra,6,Otophanes_yucatanicus
Tijuca_atra,6,Peucaea_aestivalis
Tijuca_atra,6,Peucaea_carpalis
Tijuca_atra,6,Peucaea_cassinii
Tijuca_atra,6,Peucaea_ruficauda
Tijuca_atra,6,Psittacara_frontatus
Tijuca_atra,6,Psittacara_rubritorquis
Tijuca_atra,6,Psittacara_wagleri
Tijuca_atra,6,Pternistis_atrifrons
Tijuca_atra,6,Pyrrhura_amazonum
Tijuca_atra,6,Rhynchospiza_strigiceps
Tijuca_atra,6,Spilopelia_suratensis
Tijuca_atra,6,Synoicus_adansonii
Tijuca_atra,6,Systellura_roraimae
Tijuca_atra,6,Theristicus_branicki
Tijuca_atra,6,Torgos_tracheliotus
Tijuca_atra,6,Trogon_aurantius
Tijuca_atra,6,Turnagra_capensis
Tijuca_atra,6,Tyto_multipunctata
Tijuca_atra,6,Zenaida_Graysoni
Tilmatura_dupontii,9,Arborophila_graydoni
Timalia_pileata,6,Gallinula_galeata
Timeliopsis_fulvigula,10,Sarkidiornis_sylvicola
Tinamotis_ingoufi,10,Automolus_rufipectus
Tinamotis_ingoufi,10,Burhinus_indicus
Tinamotis_ingoufi,10,Chalcites_minutillus
Tinamotis_ingoufi,10,Chasiempis_ibidis
Tinamotis_ingoufi,10,Halcyon_cinnamominus
Tinamotis_ingoufi,10,Momotus_coeruliceps
Tinamotis_ingoufi,10,Momotus_subrufescens
Tinamotis_ingoufi,10,Nephelomyias_lintoni
Tinamotis_ingoufi,10,Nisaetus_pinskeri
Tinamotis_ingoufi,10,Spizaetus_alboniger
Tinamotis_ingoufi,10,Spizaetus_nanus
Tinamotis_ingoufi,10,Spizaetus_nipalensis
Tinamotis_ingoufi,10,Stephanoxis_loddigesii
Tinamotis_ingoufi,10,Todiramphus_youngi
Tinamotis_ingoufi,10,Trachylaemus_goffinii
Tinamus_guttatus,7,Rostrhamus_hamatus
Tinamus_osgoodi,7,Hemicircus_sordidus
Tityra_cayana,5,Vermivora_cyanoptera
Tityra_semifasciata,7,Lophoceros_semifasciatus
Tockus_alboterminatus,11,Aulacorhynchus_calorhynchus
Tockus_alboterminatus,11,Aulacorhynchus_whitelianus
Tockus_alboterminatus,11,Daptrius_americanus
Tockus_alboterminatus,11,Merops_americanus
Tockus_alboterminatus,11,Notharchus_subtectus
Tockus_alboterminatus,11,Otus_roboratus
Tockus_alboterminatus,11,Ramphastos_culminatus
Tockus_alboterminatus,11,Siphonorhis_americanus
Tockus_alboterminatus,11,Tockus_damarensis
Tockus_alboterminatus,11,Tockus_granti
Tockus_alboterminatus,11,Trichoglossus_capistratus
Tockus_camurus,4,Tockus_damarensis
Tockus_deckeni,5,Tockus_damarensis
Tockus_erythrorhynchus,7,Turdus_xanthorhynchus
Tockus_fasciatus,3,Ptilinopus_fasciatus
Tockus_flavirostris,6,Columba_flavirostris
Tockus_hartlaubi,6,Tockus_granti
Tockus_hemprichii,7,Tockus_damarensis
Tockus_leucomelas,7,Lybius_leucogaster
Tockus_nasutus,6,Tockus_damarensis
Tockus_nasutus,6,Tockus_granti
Todiramphus_albonotatus,9,Todiramphus_youngi
Todiramphus_chloris,6,Todiramphus_reichenbachii
Todiramphus_chloris,6,Todiramphus_youngi
Todiramphus_diops,4,Todiramphus_youngi
Todiramphus_enigma,5,Todiramphus_reichenbachii
Todiramphus_funebris,6,Todiramphus_reichenbachii
Todiramphus_funebris,6,Todiramphus_youngi
Todiramphus_godeffroyi,8,Todiramphus_reichenbachii
Todiramphus_godeffroyi,8,Todiramphus_youngi
Todiramphus_leucopygius,7,Aerodramus_leucophaeus
Todiramphus_nigrocyaneus,10,Todiramphus_reichenbachii
Todiramphus_nigrocyaneus,10,Todiramphus_youngi
Todiramphus_recurvirostris,8,Aerodramus_brevirostris
Todiramphus_sanctus,6,Todiramphus_reichenbachii
Todiramphus_sanctus,6,Todiramphus_youngi
Todiramphus_tutus,4,Todiramphus_youngi
Todiramphus_winchelli,6,Todiramphus_reichenbachii
Todirostrum_cinereum,10,Psittaculirostris_cervicalis
Todirostrum_nigriceps,9,Tanysiptera_nigriceps
Todirostrum_poliocephalum,14,Aerodramus_leucophaeus
Todirostrum_poliocephalum,14,Ninox_spilocephala
Todus_angustirostris,7,Hemignathus_sagittirostris
Todus_angustirostris,7,Heteralocha_acutirostris
Todus_multicolor,7,Chloropipo_unicolor
Todus_todus,5,Antrostomus_arizonae
Todus_todus,5,Antrostomus_ekmani
Todus_todus,5,Antrostomus_vociferus
Todus_todus,5,Eurostopodus_exul
Todus_todus,5,Hylatomus_fuscipennis
Tolmomyias_assimilis,8,Phodilus_assimilis
Tolmomyias_flaviventris,9,Columba_flavirostris
Tolmomyias_flaviventris,9,Nephelomyias_ochraceiventris
Tolmomyias_flavotectus,12,Automolus_rufipectus
Tolmomyias_flavotectus,12,Columba_flavirostris
Tolmomyias_flavotectus,12,Nephelomyias_lintoni
Tolmomyias_flavotectus,12,Nephelomyias_ochraceiventris
Tolmomyias_flavotectus,12,Paroreomyza_flammea
Tolmomyias_poliocephalus,12,Chrysocolaptes_xanthocephalus
Tolmomyias_poliocephalus,12,Columba_leucocephala
Tolmomyias_poliocephalus,12,Nephelomyias_pulcher
Tolmomyias_viridiceps,11,Colaptes_atriceps
Tolmomyias_viridiceps,11,Merops_viridissimus
Tolmomyias_viridiceps,11,Momotus_coeruliceps
Tolmomyias_viridiceps,11,Nephelomyias_ochraceiventris
Tolmomyias_viridiceps,11,Rhynchospiza_strigiceps
Topaza_pyra,5,Coua_pyropyga
Topaza_pyra,5,Heliopais_personata
Topaza_pyra,5,Lophura_pyronota
Topaza_pyra,5,Musophaga_porphyreolopha
Torreornis_inexpectata,12,Corythornis_cristatus
Torreornis_inexpectata,12,Lampornis_cinereicauda
Torreornis_inexpectata,12,Leucopternis_lacernulata
Torreornis_inexpectata,12,Lophornis_verreauxii
Torreornis_inexpectata,12,Mesitornis_variegata
Torreornis_inexpectata,12,Phaetornis_mexicanus
Torreornis_inexpectata,12,Tigriornis_leucolophus
Touit_batavicus,7,Otophanes_yucatanicus
Touit_dilectissimus,9,Merops_viridissimus
Touit_purpuratus,4,Trachylaemus_purpuratus
Touit_stictopterus,7,Certhiasomus_stictolaemus
Toxorhamphus_iliolophus,11,Todiramphus_reichenbachii
Toxorhamphus_iliolophus,11,Todiramphus_youngi
Toxorhamphus_poliopterus,12,Synthliboramphus_scrippsi
Toxorhamphus_poliopterus,12,Todiramphus_reichenbachii
Toxorhamphus_poliopterus,12,Todiramphus_youngi
Toxostoma_crissale,8,Melozone_crissalis
Toxostoma_guttatum,10,Amazona_guatemalae
Toxostoma_guttatum,10,Chrysocolaptes_guttacristatus
Toxostoma_longirostre,9,Chalcophaps_longirostris
Toxostoma_rufum,9,Antrostomus_arizonae
Toxostoma_rufum,9,Antrostomus_ekmani
Toxostoma_rufum,9,Antrostomus_vociferus
Toxostoma_rufum,9,Automolus_rufipectus
Toxostoma_rufum,9,Chrysophlegma_humii
Toxostoma_rufum,9,Lophura_rufa
Toxostoma_rufum,9,Micropaloma_himantopus
Toxostoma_rufum,9,Monticola_semirufus
Toxostoma_rufum,9,Ninox_rumseyi
Toxostoma_rufum,9,Oceanodroma_macrodactyla
Toxostoma_rufum,9,Oceanodroma_microsoma
Toxostoma_rufum,9,Psilopogon_rubricapillus
Toxostoma_rufum,9,Pterodroma_gouldi
Toxostoma_rufum,9,Ramphastos_culminatus
Toxostoma_rufum,9,Streptopelia_dusumieri
Trachyphonus_margaritatus,10,Trachylaemus_purpuratus
Trachyphonus_purpuratus,4,Trachylaemus_purpuratus
Trachyphonus_usambiro,6,Trachyphonus_emini
Tragopan_satyra,6,Trogon_aurantius
Tragopan_temminckii,6,Ptilinopus_temminckii
Tregellasia_leucops,9,Prosobonia_leucoptera
Treron_bicinctus,2,Treron_bicincta
Treron_capellei,5,Treron_axillaris
Treron_floris,4,Treron_chloropterus
Treron_floris,4,Treron_griveaudi
Treron_fulvicollis,6,Dupetor_flavicollis
Treron_olax,2,Treron_axillaris
Treron_olax,2,Treron_oxyura
Treron_oxyurus,2,Treron_oxyura
Treron_pompadora,6,Treron_aromaticus
Treron_pompadora,6,Treron_oxyura
Treron_pompadora,6,Treron_phayrei
Treron_sanctithomae,8,Treron_aromaticus
Treron_sieboldii,6,Treron_delalandii
Treron_teysmannii,5,Treron_delalandii
Treron_vernans,4,Treron_permagnus
Treron_waalia,4,Treron_aromaticus
Treron_waalia,4,Treron_axillaris
Treron_waalia,4,Treron_delalandii
Trichastoma_buettikoferi,13,Pterodroma_brevirostris
Trichastoma_celebense,12,Delichon_niplaense
Trichastoma_celebense,12,Grallaricula_cumanensis
Trichastoma_celebense,12,Halcyon_pelewensis
Trichastoma_celebense,12,Ramphastos_culminatus
Trichastoma_celebense,12,Trichoglossus_rosenbergii
Trichastoma_celebense,12,Trichoglossus_weberi
Trichastoma_rostratum,12,Butorides_striatus
Trichastoma_rostratum,12,Charadrius_bifrontatus
Trichastoma_rostratum,12,Psittacara_frontatus
Trichastoma_rostratum,12,Trichoglossus_capistratus
Trichastoma_rostratum,12,Trichoglossus_forsteni
Trichastoma_rostratum,12,Trichoglossus_meyeri
Trichastoma_rostratum,12,Trichoglossus_moluccanus
Trichastoma_rostratum,12,Trichoglossus_rosenbergii
Trichastoma_rostratum,12,Trichoglossus_rubritorquis
Trichastoma_rostratum,12,Trichoglossus_weberi
Trichoglossus_haematodus,7,Trichoglossus_capistratus
Trichoglossus_haematodus,7,Trichoglossus_moluccanus
Trichoglossus_johnstoniae,6,Trichoglossus_forsteni
Trichoglossus_ornatus,5,Trichoglossus_capistratus
Trichoglossus_ornatus,5,Trichoglossus_forsteni
Trichoglossus_ornatus,5,Trichoglossus_rosenbergii
Trichoglossus_ornatus,5,Trichoglossus_rubritorquis
Tricholaema_diademata,11,Amazona_diadema
Tricholaema_diademata,11,Trachylaemus_purpuratus
Tricholaema_hirsuta,8,Trachylaemus_purpuratus
Tricholaema_leucomelas,8,Stactolaema_leucogrammica
Tricholaema_melanocephala,12,Columba_leucocephala
Tricholestes_criniger,8,Gallicolumba_criniger
Trichothraupis_melanops,9,Icterus_melanopsis
Triclaria_malachitacea,12,Leucopternis_schistacea
Triclaria_malachitacea,12,Ninox_malaitae
Triclaria_malachitacea,12,Tringa_macularia
Tringa_erythropus,7,Tringa_brevipes
Tringa_flavipes,3,Tringa_brevipes
Tringa_glareola,5,Tringa_macularia
Tringa_guttifer,5,Tringa_cinerea
Tringa_nebularia,3,Tringa_macularia
Tringa_ochropus,6,Psophia_ochroptera
Tringa_ochropus,6,Tringa_brevipes
Tringa_ochropus,6,Tringa_hypoleucos
Tringa_stagnatilis,9,Cyclopsitta_amabilis
Tringa_stagnatilis,9,Tringa_brevipes
Tringa_stagnatilis,9,Tringa_incana
Tringa_stagnatilis,9,Tringa_macularia
Trochilus_polytmus,7,Oreotrochilus_stolzmanni
Trochocercus_nitens,9,Aglaiocercus_kingii
Trochocercus_nitens,9,Hierococcyx_nisicolor
Troglodytes_cobbi,9,Colaptes_cinereicapillus
Troglodytes_cobbi,9,Pteroglossus_humboldtii
Troglodytes_cobbi,9,Trichoglossus_capistratus
Troglodytes_cobbi,9,Trichoglossus_rubritorquis
Troglodytes_cobbi,9,Trogon_ambiguus
Troglodytes_ochraceus,9,Celeus_ochraceus
Troglodytes_ochraceus,9,Nephelomyias_ochraceiventris
Troglodytes_rufociliatus,12,Tachybaptus_rufolavatus
Troglodytes_rufulus,9,Cypseloides_rutilus
Troglodytes_solstitialis,14,Butorides_striatus
Troglodytes_solstitialis,14,Ceuthmochares_australis
Troglodytes_solstitialis,14,Chrysocolaptes_guttacristatus
Troglodytes_solstitialis,14,Chrysocolaptes_strictus
Troglodytes_solstitialis,14,Hydrobates_monteiroi
Troglodytes_solstitialis,14,Pezophaps_solitaria
Troglodytes_solstitialis,14,Phodilus_assimilis
Troglodytes_solstitialis,14,Psilopogon_australis
Troglodytes_solstitialis,14,Pteroglossus_sanguineus
Troglodytes_solstitialis,14,Pteroglossus_sturmii
Troglodytes_solstitialis,14,Trichoglossus_capistratus
Troglodytes_solstitialis,14,Trichoglossus_forsteni
Troglodytes_solstitialis,14,Trichoglossus_moluccanus
Troglodytes_tanneri,9,Pteroglossus_sanguineus
Troglodytes_troglodytes,13,Pteroglossus_erythropygius
Trogon_bairdii,5,Trogon_ambiguus
Trogon_bairdii,5,Trogon_aurantius
Turdoides_bicolor,9,Actenoides_excelsus
Turdoides_bicolor,9,Chloropipo_unicolor
Turdoides_bicolor,9,Columba_versicolor
Turdoides_bicolor,9,Corythaixoides_leopoldi
Turdoides_bicolor,9,Hierococcyx_nisicolor
Turdoides_bicolor,9,Turdus_xanthorhynchus
Turdoides_caudata,9,Actenoides_capucinus
Turdoides_caudata,9,Butorides_striatus
Turdoides_caudata,9,Coeligena_albicaudata
Turdoides_caudata,9,Cypseloides_rutilus
Turdoides_caudata,9,Systellura_decussata
Turdoides_caudata,9,Turdus_xanthorhynchus
Turdoides_hypoleuca,7,Tringa_hypoleucos
Turdoides_nipalensis,7,Spizaetus_nipalensis
Turdoides_plebejus,9,Cypseloides_phelpsi
Turdoides_squamiceps,11,Actenoides_excelsus
Turdoides_squamiceps,11,Actenoides_regalis
Turdoides_squamiceps,11,Butorides_striatus
Turdoides_squamiceps,11,Cypseloides_rutilus
Turdoides_squamiceps,11,Pyrrhura_caeruleiceps
Turdoides_squamiceps,11,Rhodacanthis_flaviceps
Turdoides_squamiceps,11,Turdus_ravidus
Turdoides_striata,5,Butorides_striatus
Turdus_celaenops,5,Icterus_melanopsis
Turdus_ignobilis,7,Turdus_ravidus
Turdus_kessleri,6,Turdus_Greyi
Turdus_lherminieri,8,Turdus_Greyi
Turdus_rufiventris,8,Automolus_rufipectus
Turdus_rufiventris,8,Turdus_ravidus
Turtur_tympanistria,10,Otus_tempestatis
Tympanuchus_phasianellus,13,Aulacorhynchus_cyanolaemus
Tympanuchus_phasianellus,13,Aulacorhynchus_whitelianus
Tympanuchus_phasianellus,13,Cyclorrhynchus_psittacula
Tympanuchus_phasianellus,13,Hemignathus_ellisianus
Tympanuchus_phasianellus,13,Orchetorhynchus_phoenicurus
Tyranneutes_virescens,11,Myadestes_woahensis
Tyrannus_savana,7,Aerodramus_vanikorensis
Urolais_epichlorus,10,Actenoides_excelsus
Urolais_epichlorus,10,Amaurornis_olivaceus
Urolais_epichlorus,10,Ara_tricolor
Urolais_epichlorus,10,Chloropipo_unicolor
Urolais_epichlorus,10,Gallirallus_pacificus
Urolais_epichlorus,10,Heliopais_personata
Urolais_epichlorus,10,Monticola_semirufus
Urolais_epichlorus,10,Oceanodroma_microsoma
Urolais_epichlorus,10,Phaetornis_mexicanus
Urolais_epichlorus,10,Ptilinopus_speciosus
Urolais_epichlorus,10,Tigriornis_leucolophus
Urolais_epichlorus,10,Treron_chloropterus
Urolestes_melanoleucus,7,Colaptes_melanolaimus
Urolestes_melanoleucus,7,Microhierax_melanoleucus
Urolestes_melanoleucus,7,Spizastur_melanoleucus
Uropelia_campestris,8,Spilopelia_chinensis
Uropsalis_lyra,3,Hydropsalis_brasiliana
Uropsalis_segmentata,9,Heliopais_personata
Uropsalis_segmentata,9,Hydropsalis_brasiliana
Urosphena_subulata,9,Caloenas_maculata
Urosphena_subulata,9,Otophanes_yucatanicus
Urothraupis_stolzmanni,6,Oreotrochilus_stolzmanni
Vanellus_cinereus,7,Rallus_indicus
Vanellus_cinereus,7,Vanellus_macropterus
Vanellus_cinereus,7,Vanellus_novaehollandiae
Veniliornis_dignus,9,Premnornis_guttuliger
Veniliornis_dignus,9,Sarkidiornis_sylvicola
Veniliornis_dignus,9,Willisornis_vidua
Veniliornis_frontalis,8,Phapitreron_frontalis
Veniliornis_kirkii,8,Mesitornis_variegata
Vermivora_celata,4,Vermivora_cyanoptera
Vidua_funerea,4,Drepanis_funerea
Vidua_maryae,6,Amazilia_bartletti
Vidua_maryae,6,Columba_mayeri
Vidua_maryae,6,Puffinus_bryani
Vidua_maryae,6,Tockus_damarensis
Vidua_maryae,6,Zenaida_Graysoni
Vidua_orientalis,6,Eudynamys_Orientalis
Vidua_paradisaea,8,Columba_caribaea
Vidua_paradisaea,8,Myrmeciza_palliata
Vidua_purpurascens,8,Trachylaemus_purpuratus
Vidua_raricola,6,Leuconotopicus_arizonae
Vireo_philadelphicus,11,Amaurornis_isabellinus
Vireo_philadelphicus,11,Arborophila_tonkinesis
Vireo_philadelphicus,11,Cypseloides_phelpsi
Vireo_philadelphicus,11,Scleroptila_elgonensis
Volatinia_jacarina,9,Aratinga_maculata
Volatinia_jacarina,9,Columba_caribaea
Volatinia_jacarina,9,Melanitta_americana
Vultur_gryphus,8,Calorhamphus_hayii
Vultur_gryphus,8,Caprimulgus_phalaena
Vultur_gryphus,8,Surniculus_musschenbroeki
Vultur_gryphus,8,Tigriornis_leucolophus
Wilsonia_canadensis,5,Falcipennis_canadensis
Wilsonia_citrina,7,Aplonis_corvina
Xenus_cinereus,5,Colaptes_cinereicapillus
Xenus_cinereus,5,Lampornis_cinereicauda
Xiphorhynchus_guttatus,10,Aulacorhynchus_atrogularis
Xiphorhynchus_guttatus,10,Cyclorrhynchus_psittacula
Xiphorhynchus_pardalotus,10,Aulacorhynchus_caerulogularis
Xiphorhynchus_spixii,9,Aulacorhynchus_albivitta
Xiphorhynchus_spixii,9,Aulacorhynchus_whitelianus
Xiphorhynchus_spixii,9,Cyclorrhynchus_psittacula
Xiphorhynchus_spixii,9,Orchetorhynchus_phoenicurus
Xiphorhynchus_susurrans,11,Aulacorhynchus_calorhynchus
Xiphorhynchus_susurrans,11,Aulacorhynchus_cyanolaemus
Xiphorhynchus_triangularis,8,Aulacorhynchus_atrogularis
Xolmis_cinereus,5,Lampornis_cinereicauda
Xolmis_irupero,7,Heliopais_personata
Xolmis_pyrope,6,Coua_pyropyga
Yuhina_nigrimenta,8,Columba_nigrirostris
Yuhina_nigrimenta,8,Eurostopodus_nigripennis
Yuhina_nigrimenta,8,Paroaria_nigrogenis
Zoonavena_grandidieri,12,Coeligena_conradii
Zoonavena_grandidieri,12,Pionites_xanthomerius
Zoonavena_grandidieri,12,Porzana_palmeri
Zoonavena_grandidieri,12,Porzana_sandwichensis
Zoonavena_grandidieri,12,Treron_delalandii
Zoonavena_sylvatica,10,Coeligena_albicaudata
Zoonavena_sylvatica,10,Sarkidiornis_sylvicola
Zoonavena_thomensis,9,Hemiphaga_chathamensis
Zoonavena_thomensis,9,Psilopogon_annamensis
Zosterops_atriceps,5,Zosterops_strenuus
Zosterops_atriceps,5,Zosterops_strenuus
Zosterops_atriceps,5,Zosterops_strenuus
Zosterops_atrifrons,6,Pternistis_atrifrons
Zosterops_atrifrons,6,Zosterops_strenuus
Zosterops_atrifrons,6,Zosterops_strenuus
Zosterops_atrifrons,6,Zosterops_strenuus
Zosterops_consobrinorum,9,Zosterops_strenuus
Zosterops_consobrinorum,9,Zosterops_strenuus
Zosterops_consobrinorum,9,Zosterops_strenuus
Zosterops_finschii,7,Zosterops_greyi
Zosterops_finschii,7,Zosterops_strenuus
Zosterops_finschii,7,Zosterops_strenuus
Zosterops_finschii,7,Zosterops_strenuus
Zosterops_wallacei,7,Zosterops_greyi
Zosterops_wallacei,7,Zosterops_strenuus
Zosterops_wallacei,7,Zosterops_strenuus
Zosterops_wallacei,7,Zosterops_strenuus
